"id","name","code","account_type","tag_ids","reconcile","name@fr"
"pcg_1011","Subscribed capital - uncalled","101100","equity","","False","Capital souscrit - non appelé"
"pcg_1012","Subscribed capital - called up, unpaid","101200","equity","","False","Capital souscrit - appelé non versé"
"pcg_1013","Subscribed capital - called up, paid","101300","equity","","False","Capital souscrit appelé, versé"
"pcg_10131","Capital not written off","101310","equity","","False","Capital non amorti"
"pcg_10132","Capital written off","101320","equity","","False","Capital amorti"
"pcg_1018","Subscribed capital subject to particular regulations","101800","equity","","False","Capital souscrit soumis à des réglementations particulières"
"pcg_102","Trust funds","102000","equity","","False","Fonds fiduciaires"
"pcg_1041","Share premiums","104100","equity","","False","Primes d'émission"
"pcg_1042","Merger premiums","104200","equity","","False","Primes de fusion"
"pcg_1043","Contribution premiums","104300","equity","","False","Primes d'apport"
"pcg_1044","Premiums on conversion of bonds into shares","104400","equity","","False","Primes de conversion d'obligations en actions"
"pcg_1045","Equity warrants","104500","equity","","False","Bons de souscription d'actions"
"pcg_105_account","Revaluation differences","105000","equity","","False","Ecarts de réévaluation"
"pcg_1061","Legal reserve","106100","equity","","False","Réserve légale"
"pcg_1062","Undistributable reserves","106200","equity","","False","Réserves indisponibles"
"pcg_1063","Statutory or contractual reserves","106300","equity","","False","Réserves statutaires ou contractuelles"
"pcg_1064","Tax-regulated reserves","106400","equity","","False","Réserves réglementées"
"pcg_1068","Other reserves","106800","equity","","False","Autres réserves"
"pcg_107","Difference on equity accounted investments","107000","equity","","False","Écarts d'équivalence"
"pcg_108","Drawings account","108000","equity","","False","Compte de l'exploitant"
"pcg_109","Shareholders: Subscribed capital uncalled","109000","equity","","False","Actionnaires : capital souscrit - non appelé"
"pcg_110","Profit carried forward","110000","equity","","False","Report à nouveau (solde créditeur)"
"pcg_119","Loss carried forward","119000","equity","","False","Report à nouveau (solde débiteur)"
"pcg_120","Profit for the financial year","120000","equity","","False","Résultat de l'exercice (bénéfice)"
"pcg_1209","Withholding tax on dividends","120900","equity","","False","Accomptes sur les dividendes"
"pcg_129","Loss for the financial year","129000","equity","","False","Résultat de l'exercice (perte)"
"pcg_131_account","Equipment grants","131000","equity","","False","Subventions d'équipement"
"pcg_139_account","Investment grants recognised in the income statement","139000","equity","","False","Subventions d'investissement inscrites au compte de résultat"
"pcg_14_account","Regulated provisions","140000","liability_non_current","","False","Provisions réglementées"
"pcg_143_account","Regulated provisions for inventories - Price increases","143000","liability_non_current","","False","Provisions réglementées relatives aux stocks - Hausse de prix"
"pcg_145","Depreciation by derogation","145000","liability_non_current","","False","Amortissements dérogatoires"
"pcg_148","Other tax-regulated provisions","148000","liability_non_current","","False","Autres provisions réglementées"
"pcg_1511","Provisions for litigation","151100","liability_non_current","","False","Provisions pour litiges"
"pcg_1512","Provisions for customer warranties","151200","liability_non_current","","False","Provisions pour garanties données aux clients"
"pcg_1514","Provisions for fines and penalties","151400","liability_non_current","","False","Provisions pour amendes et pénalités"
"pcg_1515","Provisions for foreign exchange losses","151500","liability_non_current","","False","Provisions pour pertes de change"
"pcg_1516","Provisions for losses on contracts","151600","liability_non_current","","False","Provisions pour pertes sur contrats"
"pcg_1518","Other provisions for liabilities","151800","liability_non_current","","False","Autres provisions pour risques"
"pcg_1521_account","Provisions for pensions and similar obligations","152100","liability_non_current","","False","Provisions pour pensions et obligations similaires"
"pcg_1522_account","Provisions for restructuring","152200","liability_non_current","","False","Provisions pour restructurations"
"pcg_1523_account","Provisions for taxation","152300","liability_non_current","","False","Provisions pour impôts"
"pcg_1524_account","Provisions for fixed asset renewal - concession entities","152400","liability_non_current","","False","Provisions pour renouvellement des immobilisations - entreprises concessionnaires"
"pcg_1525_account","Provisions for major maintenance and repairs","152500","liability_non_current","","False","Provisions pour gros entretien ou grandes révisions"
"pcg_1526_account","Provisions for repairs","152600","liability_non_current","","False","Provisions pour remises en état"
"pcg_1527_account","Other provisions for charges","152700","liability_non_current","","False","Autres provisions pour charges"
"pcg_161","Convertible debenture loans","161000","liability_non_current","","False","Emprunts obligataires convertibles"
"pcg_1618","Accrued interest on convertible bonds","161800","liability_non_current","","False","Intérêts courus sur emprunts obligataires convertibles"
"pcg_162","Bonds representing net liabilities given in trust","162000","liability_non_current","","False","Obligations représentatives de passifs nets remis en fiducie"
"pcg_163","Other debenture loans","163000","liability_non_current","","False","Autres emprunts obligataires"
"pcg_1638","Accrued interest on other bonds","163800","liability_non_current","","False","Intérêts courus sur autres emprunts obligataires"
"pcg_164","Loans from credit institutions","164000","liability_non_current","","False","Emprunts auprès des établissements de crédit"
"pcg_1648","Accrued interest on bank loans","164800","liability_non_current","","False","Intérêts courus sur emprunts auprès des établissements"
"pcg_1651","Deposits","165100","liability_non_current","","False","Dépôts"
"pcg_1655","Sureties","165500","liability_non_current","","False","Cautionnements"
"pcg_1658","Accrued interest on deposits and guarantees received","165800","liability_non_current","","False","Intérêts courus sur dépôts et cautionnements reçus"
"pcg_1661","Employee profit sharing - Blocked accounts","166100","liability_non_current","","False","Participation des salariés aux résultats - Comptes bloqués"
"pcg_1662","Employee profit sharing - Profit share funds","166200","liability_non_current","","False","Participation des salariés aux résultats - Fonds de participation"
"pcg_1668","Accrued interest on employee profit-sharing","166800","liability_non_current","","False","Intérêts courus sur participation des salariés aux résultats"
"pcg_1671","Loans and debts with special conditions - Issues of non-voting shares","167100","liability_non_current","","False","Emprunts et dettes assortis de conditions particulières - Emissions de titres participatifs"
"pcg_16718","Accrued interest on redeemable shares","167180","liability_non_current","","False","Intérêts courus sur titres participatifs"
"pcg_1674","Loans and debts with special conditions - Advances by the state subject to conditions","167400","liability_non_current","","False","Emprunts et dettes assortis de conditions particulières - Avances conditionnées de l'État"
"pcg_16748","Accrued interest on conditional advances","167480","liability_non_current","","False","Intérêts courus sur avances conditionnées"
"pcg_1675","Loans and debts with special conditions - Participating loans","167500","liability_non_current","","False","Prêts participatifs"
"pcg_16758","Accrued interest on participating loans","167580","liability_non_current","","False","Intérêts courus sur emprunts participatifs"
"pcg_1681","Other loans and similar debts payable - Other loans","168100","liability_non_current","","False","Autres emprunts et dettes assimilées - Autres emprunts"
"pcg_1685","Other loans and similar debts payable - Capitalised life annuities","168500","liability_non_current","","False","Autres emprunts et dettes assimilées - Rentes viagères capitalisées"
"pcg_1687","Other loans and similar debts payable - Other debts payable","168700","liability_non_current","","False","Autres emprunts et dettes assimilées - Autres dettes"
"pcg_1688","Accrued interest","168800","liability_non_current","","False","Intérêts courus"
"pcg_169","Debt redemption premiums","169000","asset_current","","False","Primes de remboursement des obligations"
"pcg_171","Debts payable related to participating interests (group)","171000","liability_non_current","","False","Dettes rattachées à des participations (groupe)"
"pcg_174","Debts payable related to participating interests (apart from group)","174000","liability_non_current","","False","Dettes rattachées à des participations (hors groupe)"
"pcg_178_account","Debts payable related to joint ventures","178000","liability_non_current","","False","Dettes rattachées à des sociétés en participation"
"pcg_181","Reciprocal branch accounts","181000","liability_non_current","","False","Comptes de liaison des établissements"
"pcg_186","Goods and services exchanged between establishments (expenses)","186000","liability_non_current","","False","Biens et prestations de services échangés entre établissements (charges)"
"pcg_187","Goods and services exchanged between establishments (income)","187000","liability_non_current","","False","Biens et prestations de services échangés entre établissements (produits)"
"pcg_188","Reciprocal joint venture accounts","188000","liability_non_current","","False","Comptes de liaison des sociétés en participation"
"pcg_2011","Incorporation costs","201100","asset_fixed","","False","Frais de constitution"
"pcg_2012","Start-up costs","201200","asset_fixed","","False","Frais de premier établissement"
"pcg_20121","Commercial assessment costs","201210","asset_fixed","","False","Frais de prospection"
"pcg_20122","Marketing costs","201220","asset_fixed","","False","Frais de publicité"
"pcg_2013","Capital increase and sundry transaction costs (mergers, demergers, restructurations)","201300","asset_fixed","","False","Frais d'augmentation de capital et d'opérations diverses (fusions, scissions, transformations)"
"pcg_203","Research and development costs","203000","asset_fixed","","False","Frais de recherche et de développement"
"pcg_205","Concessions and similar rights, patents, licences, trade marks, processes, software, rights and similar assets","205000","asset_fixed","","False","Concessions et droits similaires, brevets, licences, marques, procédés, logiciels, droits et valeurs similaires"
"pcg_206","Lease premium","206000","asset_fixed","","False","Droit au bail"
"pcg_207","Goodwill","207000","asset_fixed","","False","Fonds commercial"
"pcg_208","Other intangible fixed assets","208000","asset_fixed","","False","Dépréciations des autres immobilisations incorporelles"
"pcg_2111","Undeveloped land","211100","asset_fixed","","False","Terrains nus"
"pcg_2112","Serviced land","211200","asset_fixed","","False","Terrains aménagés"
"pcg_2113","Basements and sub-basements","211300","asset_fixed","","False","Sous-sols et sur-sols"
"pcg_2114","Mining sites","211400","asset_fixed","","False","Terrains de carrières (Tréfonds)"
"pcg_2115","Developed land","211500","asset_fixed","","False","Terrains bâtis"
"pcg_212","Site development (same allocation as for Account 211)","212000","asset_fixed","","False","Agencements et aménagements de terrains (même ventilation que celle du compte 211)"
"pcg_2131","Buildings","213100","asset_fixed","","False","Bâtiments"
"pcg_2135","Building fixtures and fittings (same allocation as for Account 2131)","213500","asset_fixed","","False","Installations générales, agencements, aménagements des constructions (même ventilation que celle du compte 2131)"
"pcg_2138_account","Infrastructure works","213800","asset_fixed","","False","Ouvrages d'infrastructure"
"pcg_214","Constructions on third-party sites (same allocation as for Account 213)","214000","asset_fixed","","False","Constructions sur sol d'autrui (même ventilation que celle du compte 213)"
"pcg_21511","Specialised complex installations on own site","215110","asset_fixed","","False","Installations complexes spécialisées sur sol propre"
"pcg_21514","Specialised complex installations on third-party site","215140","asset_fixed","","False","Installations complexes spécialisées sur sol d'autrui"
"pcg_21531","Installations of specific nature on own site","215310","asset_fixed","","False","Installations à caractère spécifique sur sol propre"
"pcg_21534","Installations of specific nature on third-party site","215340","asset_fixed","","False","Installations à caractère spécifique sur sol d'autrui"
"pcg_2154","Plant and machinery","215400","asset_fixed","","False","Matériels industriels"
"pcg_2155","Equipment and fixtures","215500","asset_fixed","","False","Outillage industriel"
"pcg_2157","Fixtures and fittings for plant and machinery, equipment and fixtures","215700","asset_fixed","","False","Agencements et aménagements des matériels et outillage industriels"
"pcg_2181","Sundry general fixtures and fittings","218100","asset_fixed","","False","Installations générales agencements aménagements divers"
"pcg_2182","Transport equipment","218200","asset_fixed","","False","Matériel de transport"
"pcg_2183","Office and computing equipment","218300","asset_fixed","","False","Matériel de bureau et matériel informatique"
"pcg_2184","Furnishings","218400","asset_fixed","","False","Mobilier"
"pcg_2185","Livestock","218500","asset_fixed","","False","Cheptel"
"pcg_2186","Recoverable packaging","218600","asset_fixed","","False","Emballages récupérables"
"pcg_2187","Merger malpractice on tangible assets","218700","asset_fixed","","False","Mali de fusions sur actifs corporels"
"pcg_22","Fixed assets in concession","220000","asset_fixed","","False","Immobilisations mises en concession"
"pcg_231_account","Property, plant and equipment in progress","231000","asset_fixed","","False","Immobilisations corporelles en cours"
"pcg_232","Intangible fixed assets in progress","232000","asset_fixed","","False","Dépréciations des immobilisations incorporelles en cours"
"pcg_237","Payments on account on intangible fixed assets","237000","asset_fixed","","False","Avances et acomptes versés sur commandes d'immobilisations incorporelles"
"pcg_238_account","Payments on account on orders for tangible fixed assets","238000","asset_fixed","","False","Avances et acomptes versés sur commandes d'immobilisations corporelles"
"pcg_2611","Long-term equity interests - Shares","261100","asset_fixed","","False","Titres de participation - Actions"
"pcg_2618","Other securities","261800","asset_fixed","","False","Autres valeurs mobilières de placement"
"pcg_262","Equity-valued securities","262000","asset_fixed","","False","Titres évalués par équivalence"
"pcg_266","Other categories of participating interest","266000","asset_fixed","","False","Autres formes de participation"
"pcg_2661","Rights to net assets placed in trust","266100","asset_fixed","","False","Droits représentatifs d’actifs nets remis en fiducie"
"pcg_2671","Debts receivable related to participating interests - group","267100","asset_fixed","","False","Créances rattachées à des participations - groupe"
"pcg_2674","Debts receivable related to participating interests - apart from group","267400","asset_fixed","","False","Créances rattachées à des participations - hors groupe"
"pcg_2675","Payments representing non-capitalised contributions - call for funds","267500","asset_fixed","","False","Versements représentatifs d'apports non capitalisés - appel de fonds"
"pcg_2676","Long-term capital advances","267600","asset_fixed","","False","Avances consolidables"
"pcg_2677","Other debts receivable related to participating interests","267700","asset_fixed","","False","Autres créances rattachées à des participations"
"pcg_2678","Accrued interest","267800","asset_fixed","","False","Intérêts courus"
"pcg_2681","Debts receivable related to joint ventures - Principal","268100","asset_fixed","","False","Créances rattachées à des sociétés en participation - Principal"
"pcg_2688","Debts receivable related to joint ventures - Accrued interest","268800","asset_fixed","","False","Créances rattachées à des sociétés en participation - Intérêts courus"
"pcg_269","Unpaid instalments on unpaid long-term equity interests","269000","asset_fixed","","False","Versements restant à effectuer sur titres de participation non libérés"
"pcg_2711","Shares","271100","asset_fixed","","False","Actions"
"pcg_2718","Other securities","271800","asset_fixed","","False","Autres titres"
"pcg_2721","Bonds","272100","asset_fixed","","False","Obligations"
"pcg_2722","Warrants","272200","asset_fixed","","False","Bons"
"pcg_273","Portfolio long-term investment securities","273000","asset_fixed","","False","Titres immobilisés de l'activité de portefeuille"
"pcg_2741","Participating loans","274100","asset_fixed","","True","Prêts participatifs"
"pcg_2742","Loans to partners/associates","274200","asset_fixed","","True","Prêts aux associés"
"pcg_2743","Loans to personnel","274300","asset_fixed","","True","Prêts au personnel"
"pcg_2748","Other loans","274800","asset_fixed","","True","Autres prêts"
"pcg_2751","Deposits","275100","asset_fixed","","True","Dépôts"
"pcg_2755","Sureties","275500","asset_fixed","","True","Cautionnements"
"pcg_2761","Sundry debts receivable","276100","asset_fixed","","False","Créances diverses"
"pcg_27682","Accrued interest on long-term investment debt securities","276820","asset_fixed","","False","Intérêts courus sur titres immobilisés (droits de créance)"
"pcg_27684","Accrued interest on loans","276840","asset_fixed","","False","Intérêts courus sur prêts"
"pcg_27685","Accrued interest on deposits and sureties","276850","asset_fixed","","False","Intérêts courus sur dépôts et cautionnements"
"pcg_27688","Accrued interest on sundry debts receivable","276880","asset_fixed","","False","Intérêts courus sur créances diverses"
"pcg_2771","Own shares","277100","asset_fixed","","False","Actions propres ou parts propres"
"pcg_2772","Own shares in process of cancellation","277200","asset_fixed","","False","Actions propres ou parts propres en voie d'annulation"
"pcg_278","Merger loss on financial assets","278000","asset_fixed","","False","Mali de fusion sur actifs financiers"
"pcg_279","Unpaid instalments on unpaid long-term investment securities","279000","asset_fixed","","False","Versements restant à effectuer sur titres immobilisés non libérés"
"pcg_2801","Establishment costs (same allocation as for Account 201)","280100","asset_fixed","","False","Frais d'établissement (même ventilation que celle du compte 201)"
"pcg_2803","Research and development costs","280300","asset_fixed","","False","Frais de recherche et de développement"
"pcg_2805","Concessions and similar rights, patents, licences, software, rights and similar assets","280500","asset_fixed","","False","Concessions et droits similaires, brevets, licences, logiciels, droits et valeurs similaires"
"pcg_2806","Tenancy law","280600","asset_fixed","","False","Droit du bail"
"pcg_2807","Goodwill","280700","asset_fixed","","False","Fonds commercial"
"pcg_2808","Other intangible fixed assets","280800","asset_fixed","","False","Dépréciations des autres immobilisations incorporelles"
"pcg_28081","Amortisation of merger loss on intangible assets","280810","asset_fixed","","False","Amortissements du mali de fusion sur actifs incorporels"
"pcg_2812","Site development (same allocation as for Account 212)","281200","asset_fixed","","False","Agencements aménagements de terrains (même ventilation que celle du compte 212)"
"pcg_2813","Constructions (same allocation as for Account 213)","281300","asset_fixed","","False","Constructions (même ventilation que celle du compte 213)"
"pcg_2814","Constructions on third-party site (same allocation as for Account 214)","281400","asset_fixed","","False","Constructions sur sol d'autrui (même ventilation que celle du compte 214)"
"pcg_2815","Installations matériel et outillage industriels (même ventilation que celle du compte 215)","281500","asset_fixed","","False","Installations matériel et outillage industriels (même ventilation que celle du compte 215)"
"pcg_2818","Other tangible fixed assets (same allocation as for Account 218)","281800","asset_fixed","","False","Amortissements des autres immobilisations corporelles (même ventilation que celle du compte 218)"
"pcg_28187","Amortization of merger loss on tangible assets","281870","asset_fixed","","False","Amortissement du mali de fusion sur actifs corporels"
"pcg_282","Depreciation on fixed assets in concession","282000","asset_fixed","","False","Amortissements des immobilisations mises en concession"
"pcg_2901","Establishment costs","290100","asset_fixed","","False","Frais d’établissement"
"pcg_2903","Development costs","290300","asset_fixed","","False","Frais de développement"
"pcg_2905","Trade marks, processes, rights and similar assets","290500","asset_fixed","","False","Marques, procédés, droits et valeurs similaires"
"pcg_2906","Lease premium","290600","asset_fixed","","False","Droit au bail"
"pcg_2907","Goodwill","290700","asset_fixed","","False","Fonds commercial"
"pcg_2908","Other intangible fixed assets","290800","asset_fixed","","False","Dépréciations des autres immobilisations incorporelles"
"pcg_29081","Impairment of merger loss on intangible assets","290810","asset_fixed","","False","Dépréciation du mali de fusion sur actifs incorporels"
"pcg_29187","Impairment of merger loss on tangible assets","291870","asset_fixed","","False","Dépréciation du mali de fusion sur actifs corporels"
"pcg_292","Provisions for diminution in value of fixed assets in concession","292000","asset_fixed","","False","Dépréciations des immobilisations mises en concession"
"pcg_2931","Tangible fixed assets in progress","293100","asset_fixed","","False","Immobilisations corporelles en cours"
"pcg_2932","Intangible fixed assets in progress","293200","asset_fixed","","False","Dépréciations des immobilisations incorporelles en cours"
"pcg_2961","Provisions for depreciation of long-term equity interests","296100","asset_fixed","","False","Provisions pour dépréciation des titres de participation"
"pcg_2962","Equity-valued securities","296200","asset_fixed","","False","Titres évalués par équivalence"
"pcg_2966","Provisions for depreciation of other forms of participation","296600","asset_fixed","","False","Provisions pour dépréciation des autres formes de participation"
"pcg_2967","Provisions for depreciation of debts receivable related to participating interests (same allocation as for Account 267)","296700","asset_fixed","","False","Provisions pour dépréciation des créances rattachées à des participations (même ventilation que celle du compte 267)"
"pcg_2968","Provisions for depreciation of debts receivable related to joint ventures (same allocation as for Account 268)","296800","asset_fixed","","False","Provisions pour dépréciation des créances rattachées à des sociétés en participation (même ventilation que celle du compte 268)"
"pcg_2971","Provisions for depreciation of long-term investment equity securities other than portfolio long-term equity investment securities (same allocation as for Account 271)","297100","asset_fixed","","False","Provisions pour dépréciation des titres immobilisés autres que les titres immobilisés de l'activité de portefeuille - droit de propriété (ventilation : 271)"
"pcg_2972","Provisions for depreciation of long-term investment debt securities (same allocation as for Account 272)","297200","asset_fixed","","False","Provisions pour dépréciation des titres immobilisés - droit de créance (même ventilation que celle du compte 272)"
"pcg_2973","Provisions for depreciation of portfolio long-term investment securities","297300","asset_fixed","","False","Provisions pour dépréciation des titres immobilisés de l'activité de portefeuille"
"pcg_2974","Provisions for depreciation of loans (same allocation as for Account 274)","297400","asset_fixed","","False","Provisions pour dépréciation des prêts (même ventilation que celle du compte 274)"
"pcg_2975","Provisions for depreciation of deposits and sureties advanced (same allocation as for Account 275)","297500","asset_fixed","","False","Provisions pour dépréciation des dépôts et cautionnements versés (même ventilation que celle du compte 275)"
"pcg_2976","Provisions for depreciation of Other debts receivable (same allocation as for Account 276)","297600","asset_fixed","","False","Provisions pour dépréciation des autres créances immobilisées (même ventilation que celle du compte 276)"
"pcg_29787","Impairment of merger loss on financial assets","297870","asset_fixed","","False","Dépréciation du mali de fusion sur actifs financiers"
"pcg_31_account","Raw materials and supplies","310000","asset_current","","False","Matières premières et fournitures"
"pcg_321_account","Consumable materials","321000","asset_current","","False","Matières consommables"
"pcg_3221","Fuels","322100","asset_current","","False","Combustibles"
"pcg_3222","Cleaning products","322200","asset_current","","False","Produits d'entretien"
"pcg_3223","Workshop and factory supplies","322300","asset_current","","False","Fournitures d'atelier et d'usine"
"pcg_3224","Store supplies","322400","asset_current","","False","Fournitures de magasin"
"pcg_3225","Office supplies","322500","asset_current","","False","Fournitures de bureau"
"pcg_3261","Non-returnable packaging","326100","asset_current","","False","Emballages perdus"
"pcg_3265","Unidentifiable recoverable packaging","326500","asset_current","","False","Emballages récupérables non identifiables"
"pcg_3267","Mixed usage packaging","326700","asset_current","","False","Emballages à usage mixte"
"pcg_331_account","Products in progress","331000","asset_current","","False","Produits en cours"
"pcg_335_account","Works in progress","335000","asset_current","","False","Travaux en cours"
"pcg_341_account","Project studies in progress","341000","asset_current","","False","Études en cours"
"pcg_345_account","Supply of services in progress","34000","asset_current","","False","Prestations de services en cours"
"pcg_351_account","Semi-finished products","351000","asset_current","","False","Produits intermédiaires"
"pcg_355_account","Finished products","355000","asset_current","","False","Ventes de produits finis"
"pcg_3581","Waste","358100","asset_current","","False","Déchets"
"pcg_3585","Refuse","358500","asset_current","","False","Rebuts"
"pcg_3586","Recoverable materials","358600","asset_current","","False","Matières de récupération"
"pcg_36","Stocks from fixed assets","360000","asset_current","","False","Stocks provenant d'immobilisations"
"pcg_37_account","Stocks of goods","370000","asset_current","","False","Stocks de marchandises"
"pcg_38","Stocks in transit","380000","asset_current","","False","Stocks en voie d'acheminement"
"pcg_391_account","Provisions for diminution in value of raw materials and supplies","391000","asset_current","","False","Dépréciations des matières premières et fournitures"
"pcg_392_account","Provisions for diminution in value of other consumables","392000","asset_current","","False","Dépréciations des autres approvisionnements"
"pcg_393_account","Provisions for diminution in value of work in progress (goods)","393000","asset_current","","False","Dépréciations des en cours de production de biens"
"pcg_394_account","Provisions for diminution in value of work in progress (services)","394000","asset_current","","False","Dépréciations des en cours de production de services"
"pcg_395_account","Provisions for diminution in value of product stocks","395000","asset_current","","False","Dépréciations des stocks de produits"
"pcg_397_account","Provisions for diminution in value of stocks of goods for resales","397000","asset_current","","False","Dépréciations des stocks de marchandises"
"pcg_400","Suppliers and related accounts","400000","liability_payable","","True","Fournisseurs et comptes rattachés"
"fr_pcg_pay","Suppliers - Purchase of goods and services","401100","liability_payable","","True","Fournisseurs - Achats de biens et prestations de services"
"pcg_4017","Suppliers - Contract performance holdbacks","401700","liability_payable","","True","Fournisseurs - Retenues de garantie"
"pcg_403","Suppliers - Bills payable","403000","liability_payable","","True","Fournisseurs - Effets à payer"
"pcg_4041","Suppliers - Fixed asset purchases","404100","liability_payable","","True","Fournisseurs - Achats d'immobilisations"
"pcg_4047","Fixed asset suppliers - Contract performance holdbacks","404700","liability_payable","","True","Fournisseurs d'immobilisations - Retenues de garantie"
"pcg_405","Fixed asset suppliers - Bills payable","405000","liability_payable","","True","Fournisseurs d'immobilisations - Effets à payer"
"pcg_4081","Suppliers - Invoices outstanding - Suppliers","408100","liability_current","","True","Factures non parvenues - Fournisseurs"
"pcg_4084","Suppliers - Invoices outstanding - Fixed asset suppliers","408400","liability_current","","True","Factures non parvenues - Fournisseurs d'immobilisations"
"pcg_4088","Suppliers - Invoices outstanding - Suppliers - Accrued interest","408800","liability_current","","True","Factures non parvenues - Fournisseurs - Intérêts courus"
"pcg_4091","Suppliers in debit - Payments on account on orders","409100","liability_current","","False","Fournisseurs avance et acomptes versés sur commandes"
"pcg_4096","Suppliers in debit - Debts receivable for returnable packaging andequipment","409600","asset_current","","True","Fournisseurs débiteurs - Créances pour emballages et matériel à rendre"
"pcg_40971","Suppliers in debit - Other debits","409710","asset_current","","True","Fournisseurs débiteurs - Autres avoirs des fournisseurs d'exploitation"
"pcg_40974","Suppliers in debit - Other debits of fixed asset suppliers","409740","asset_current","","True","Fournisseurs débiteurs - Autres avoirs des fournisseurs d'immobilisations"
"pcg_4098","Suppliers in debit - Purchase rebates, discounts, allowances and other outstanding debits","409800","asset_current","","True","Fournisseurs débiteurs - Rabais, remises, ristournes à obtenir et autres avoirs non encore reçus"
"pcg_410","Customers and related accounts","410000","asset_receivable","","True","Clients et comptes rattachés"
"fr_pcg_recv","Customers - Sales of goods or services","411100","asset_receivable","","True","Clients - Ventes de biens ou de prestations de services"
"fr_pcg_recv_pos","Customers - Sales of goods or services (PoS)","411101","asset_receivable","","True","Clients - Ventes de biens ou de prestations de services (PoS)"
"pcg_4117","Customers - Contract performance holdbacks","411700","asset_receivable","","True","Clients - Retenues de garantie"
"pcg_413","Customers - Bills receivable","413000","asset_receivable","","True","Clients - Effets à recevoir"
"pcg_416","Doubtful or contested customer accounts","416000","asset_current","","True","Clients douteux ou litigieux"
"pcg_4181","Customers - Invoices to be made out","418100","asset_current","","True","Clients - Factures à établir"
"pcg_4188","Customers - Accrued interest","418800","asset_current","","True","Clients - Intérêts courus non encore facturés"
"pcg_4191","Customers - Payments on account received on orders","419100","liability_current","","True","Clients créditeurs - Avances et acomptes reçus sur commandes"
"pcg_4196","Customers - Debts payable for returnable packaging and equipment","419600","liability_current","","True","Clients créditeurs - Dettes pour emballages et matériels consignés"
"pcg_4197","Customers - Other credits","419700","liability_current","","True","Clients créditeurs - Autres avoirs"
"pcg_4198","Sales rebates, discounts, allowances and other credits not yet issued","419800","liability_current","","True","Clients créditeurs - Rabais, remises, ristournes à accorder et autres avoirs à établir"
"pcg_421","Personnel - Remuneration payable","421000","liability_current","","True","Personnel - Rémunérations dues"
"pcg_422","Social and Economic Committee","422000","liability_current","","True","Comité social et économique"
"pcg_4246","Employee profit share - Special reserve","424600","liability_current","","True","Participation des salariés aux résultats - Réserve spéciale"
"pcg_4248","Employee profit share - Current accounts","424800","liability_current","","True","Participation des salariés aux résultats - Comptes courants"
"pcg_425","Personnel - Payments on account","425000","asset_current","","True","Personnel - Avances et acomptes"
"pcg_426","Personnel - Deposits","426000","liability_current","","True","Personnel - Dépôts"
"pcg_427","Personnel - Stoppages of payment","427000","liability_current","","True","Personnel - Oppositions"
"pcg_4282","Personnel - Accrued charges payable for holiday pay","428200","liability_current","","True","Personnel - Dettes provisionnées pour congés à payer"
"pcg_4284","Personnel - Accrued charges payable for employee profit share","428400","liability_current","","True","Personnel - Dettes provisionnées pour participation des salariés aux résultats"
"pcg_4286","Personnel - Other accrued charges payable","428600","liability_current","","True","Personnel - Autres charges à payer"
"pcg_431","Social security","431000","liability_current","","True","Sécurité Sociale"
"pcg_437","Other social agencies","437000","liability_current","","True","Autres organismes sociaux"
"pcg_4382","Contributions for holiday pay","438200","liability_current","","True","Charges sociales sur congés à payer"
"pcg_4386","Other accrued charges payable","438600","liability_current","","True","Organismes sociaux - Autres charges à payer"
"pcg_439","Social security - Accrued income","439000","asset_current","","True","Organismes sociaux - Produits à recevoir"
"pcg_441_account","State - Subsidies and grants receivable","441000","asset_current","","True","État - Subventions et aides à recevoir"
"pcg_4421","Withholding tax (Income tax)","442100","liability_current","","True","Prélèvements à la source (Impôt sur le revenu)"
"pcg_4422","Non-liberating flat-rate deductions","442200","liability_current","","True","Prélèvements forfaitaires non libératoires"
"pcg_4423","Deductions and withholdings on distributions","442300","liability_current","","True","Retenues et prélèvements sur les distributions"
"pcg_444","State - Income tax","444000","liability_current","","True","État - Impôts sur les bénéfices"
"pcg_4452","Value added tax due within the European Union","445200","liability_current","","False","TVA due sur acquisitions intracommunautaires"
"pcg_44521","Value added tax to be disbursed","445210","liability_current","","False","TVA due sur prestations intracommunautaires"
"pcg_4453","VAT due on imports (reverse charge)","445300","liability_current","","False","TVA due sur importations (autoliquidation)"
"pcg_44531","VAT due on non-EU supplies","445310","liability_current","","False","TVA due sur prestations hors UE"
"pcg_44551","VAT to be paid","445510","liability_current","","True","TVA à décaisser"
"pcg_44558","Taxes assimilated to VAT","445580","liability_current","","True","Taxes assimilées à la TVA"
"pcg_44562","Deductible VAT on fixed assets","445620","asset_current","","False","TVA déductible sur immobilisations"
"pcg_44563","VAT transferred by other entities","445630","asset_current","","True","TVA transférée par d'autres entités"
"pcg_44564","Deductible VAT on unsettled transactions","445640","asset_current","","True","TVA déductible sur opérations non réglées"
"pcg_44566","Deductible VAT on other goods and services","445660","asset_current","","False","TVA déductible sur autres biens et services"
"pcg_445662","Intra-Community deductible VAT","445662","asset_current","","False","TVA déductible intracommunautaire"
"pcg_445663","Deductible VAT outside the EU (reverse charge)","445663","asset_current","","False","TVA déductible hors UE (autoliquidation)"
"pcg_44567","VAT credit to be carried forward","445670","asset_current","","True","Crédit de TVA à reporter"
"pcg_44568","Deductible taxes assimilated to VAT","445680","asset_current","","True","Taxes déductibles assimilées à la TVA"
"pcg_44571","VAT collected","445710","liability_current","","False","TVA collectée"
"pcg_44574","VAT collected on unsettled transactions","445740","liability_current","","False","TVA collectée sur opérations non réglées"
"pcg_44578","Taxes collected as VAT","445780","liability_current","","True","Taxes collectées assimilées à la TVA"
"pcg_445800","Turnover taxes to be regularised or pending","445800","liability_current","","True","Taxes sur le chiffre d'affaires à régulariser ou en attente"
"pcg_44581","Advance payments - Simplified taxation system","445810","asset_current","","True","Acomptes - Régime simplifié d'imposition"
"pcg_44583","Turnover tax refunds claimed","445830","asset_current","","True","Remboursement de taxes sur le chiffre d'affaires demandé"
"pcg_44584","Prepaid VAT","445840","liability_current","","True","TVA récupérée d'avance"
"pcg_44586","Turnover taxes on non-received invoices","445860","asset_current","","True","Taxes sur le chiffre d'affaires sur factures non parvenues"
"pcg_44587","Turnover taxes on invoices to be issued","445870","liability_current","","True","Taxes sur le chiffre d'affaires sur factures à établir"
"pcg_446","Guaranteed bonds","446000","liability_current","","True","Obligations cautionnées"
"pcg_447","Other taxes, levies and similar payments","447000","liability_current","","True","Autres impôts, taxes et versements assimilés"
"pcg_4481","State - Accrued charges payable","448100","liability_current","","True","État - Charges à payer"
"pcg_44811","Tax on holiday pay","448110","liability_current","","True","Charges fiscales sur congés à payer"
"pcg_4412","Accrued expenses","448120","asset_current","","True","Charges à payer"
"pcg_4482","State - Accrued income receivable","448200","asset_current","","True","État - Produits à recevoir"
"pcg_449","Emission allowances to be surrendered to the State","449000","liability_current","","True","Quotas d'émission à restituer à l'État"
"pcg_451","Group","451000","liability_current","","True","Groupe"
"pcg_4551","Partners/associates - Current accounts - Principal","455100","liability_current","","True","Associés - Comptes courants - Principal"
"pcg_4558","Partners/associates - Current accounts - Accrued interest","455800","liability_current","","True","Associés - Comptes courants - Intérêts courus"
"pcg_45611","Partners/associates - Capital transactions - Contributions in kind","456110","asset_current","","True","Associés - Comptes d'apport en société - Apports en nature"
"pcg_45615","Partners/associates - Capital transactions - Contributions in money","456150","asset_current","","True","Associés - Comptes d'apport en société - Apports en numéraire"
"pcg_45621","Shareholders - Subscribed capital calledup, unpaid","456210","asset_current","","True","Actionnaires - Capital souscrit et appelé, non versé"
"pcg_45625","Partners/associates - Capital called up, unpaid","456250","asset_current","","True","Associés - Capital appelé, non versé"
"pcg_4563","Partners/associates - Payments received for capital increase","456300","asset_current","","True","Associés - Versements reçus sur augmentation de capital"
"pcg_4564","Partners/associates - Advance payments","456400","asset_current","","True","Associés - Versements anticipés"
"pcg_4566","Defaulting shareholders","456600","asset_current","","True","Actionnaires défaillants"
"pcg_4567","Partners/associates - Capital to be reimbursed","456700","asset_current","","True","Associés - Capital à rembourser"
"pcg_457","Partners/associates - Dividends payable","457000","liability_current","","True","Associés - Dividendes à payer"
"pcg_4581","Partners/associates - Joint and Economic Interest Group transaction - Current transactions","458100","asset_current","","True","Associés - Opérations faites en commun et en GIE - Opérations courantes"
"pcg_4588","Partners/associates - Joint and Economic Interest Group transaction - Accrued interest","458800","asset_current","","True","Associés - Opérations faites en commun et en GIE - Intérêts courus"
"pcg_462","Debts receivable on realisation of fixed assets","462000","asset_current","","True","Créances sur cessions d'immobilisations"
"pcg_464","Debts payable on purchases of short-term investment securities","464000","liability_current","","True","Dettes sur acquisitions de valeurs mobilières de placement"
"pcg_465","Debts receivable on realisation of short-term investment securities","465000","asset_current","","True","Créances sur cessions de valeurs mobilières de placement"
"pcg_467","Other accounts receivable and accrued income","467000","liability_current","","True","Divers comptes débiteurs et produits à recevoir"
"pcg_468_account","Other accounts payable and accrued liabilities","468000","liability_current","","False","Divers comptes créditeurs et charges à payer"
"pcg_471","Suspense accounts","471000","asset_current","","True","Compte d'attente"
"pcg_472","Suspense accounts","472000","asset_current","","True","Compte d'attente"
"pcg_473","Suspense accounts","473000","asset_current","","True","Compte d'attente"
"pcg_4741","Valuation differences on forward financial instruments - Assets","474100","asset_current","","True","Différences d'évaluation sur instruments financiers à terme - Actif"
"pcg_4742","Valuation difference on tokens held - Assets","474200","asset_current","","True","Différences d'évaluation sur jetons détenus - Actif"
"pcg_4746","Valuation differences of tokens on liabilities - Assets","474600","asset_current","","True","Différences d’évaluation de jetons sur des passifs - Actif"
"pcg_4751","Valuation differences on forward financial instruments - Liabilities","475100","liability_current","","True","Différences d'évaluation sur instruments financiers à terme - Passif"
"pcg_4752","Valuation differences on tokens held - Liabilities","475200","liability_current","","True","Différences d'évaluation sur jetons détenus - Passif"
"pcg_4756","Valuation differences of tokens on liabilities - Liabilities","475600","liability_current","","True","Différences d’évaluation de jetons sur des passifs - Passif"
"pcg_4761","Decrease in receivables","476100","asset_current","","True","Diminution des créances"
"pcg_4762","Increase in liabilities","476200","asset_current","","True","Augmentation des dettes"
"pcg_4768","Differences offset by currency hedging","476800","asset_current","","True","Différences compensées par couverture de change"
"pcg_4771","Increase in receivables","477100","liability_current","","True","Augmentation des créances"
"pcg_4772","Decrease in liabilities","477200","liability_current","","True","Diminution des dettes"
"pcg_4778","Differences offset by currency hedging","477800","liability_current","","True","Différences compensées par couverture de change"
"pcg_478","Other transitory accounts","478000","liability_current","","False","Autres comptes transitoires"
"pcg_4781","Merger loss on current assets","478100","liability_current","","False","Mali de fusion sur actif circulant"
"pcg_481_account","Debt issuance costs","481000","asset_current","","True","Frais d’émission des emprunts"
"pcg_486","Prepayments","486000","asset_current","","True","Charges constatées d'avance"
"pcg_487","Deferred income","487000","liability_current","","True","Produits constatés d'avance"
"pcg_4886","Periodic load balancing accounts","488600","asset_current","","True","Comptes de répartition périodique des charges"
"pcg_4887","Periodic Revenue Allocation Accounts","488700","liability_current","","True","Comptes de répartition périodique des produits"
"pcg_491","Provisions for impairment of trade receivables","491000","asset_current","","True","Provisions pour dépréciation des comptes de clients"
"pcg_4951","Provisions for impairment of group accounts","495100","asset_current","","True","Provisions pour dépréciation des comptes du groupe"
"pcg_4955","Provisions for depreciation of partners' current accounts","495500","asset_current","","True","Provisions pour dépréciation des comptes courants des associés"
"pcg_4958","Provisions for depreciation of joint and EIG operations","495800","asset_current","","True","Provisions pour dépréciation des opérations faites en commun et en GIE"
"pcg_4962","Provisions for impairment of receivables on disposals of fixed assets","496200","asset_current","","True","Provisions pour dépréciation des créances sur cessions d'immobilisations"
"pcg_4965","Provisions for impairment of receivables on sales of marketable securities","496500","asset_current","","True","Provisions pour dépréciation des créances sur cessions de valeurs mobilières de placement"
"pcg_4967","Provisions for depreciation - Other accounts receivable","496700","asset_current","","True","Provisions pour dépréciation - Autres comptes débiteurs"
"pcg_502","Marketable securities - Own shares","502000","asset_cash","","False","Valeurs mobilières de placement - Actions propres"
"pcg_5021","Shares to be allocated to employees and assigned to specific plans","502100","asset_cash","","False","Actons destinées à être attribuées aux employés et affectées à des plans déterminés"
"pcg_5022","Shares available for allocation to employees or for stock market adjustment","502200","asset_cash","","False","Actons disponibles pour être attribuées aux employés ou pour la régularisation des cours de la bourse"
"pcg_5031","Marketable securities - Listed securities","503100","asset_cash","","False","Valeurs mobilières de placement - Titres cotés"
"pcg_5035","Marketable securities - Unlisted securities","503500","asset_cash","","False","Valeurs mobilières de placement - Titres non cotés"
"pcg_504","Marketable securities - Other securities conferring a right of ownership","504000","asset_cash","","False","Valeurs mobilières de placement - Autres titres conférant un droit de propriété"
"pcg_505","Bonds and notes issued by the company and redeemed by it","505000","asset_cash","","False","Obligations et bons émis par la société et rachetés par elle"
"pcg_5061","Quoted bonds","506100","asset_cash","","False","Obligations cotés"
"pcg_5065","Unquoted bonds","506500","asset_cash","","False","Obligations non cotés"
"pcg_507","Treasury bills and short-term notes","507000","asset_cash","","False","Bons du Trésor et bons de caisse à court terme"
"pcg_5081","Other securities","508100","asset_cash","","False","Autres valeurs mobilières de placement"
"pcg_5082","Equity and bond warrants","508200","asset_cash","","False","Bons de souscription"
"pcg_5088","Accrued interest on bonds, warrants and similar securities","508800","asset_cash","","False","Intérêts courus sur obligations, bons et valeurs assimilées"
"pcg_509","Unpaid instalments on unpaid short-term investment securities","509000","asset_cash","","False","Versements restant à effectuer sur valeurs mobilières de placement non libérées"
"pcg_5111","Outstanding coupons for collection","511100","asset_cash","","False","Coupons échus à l'encaissement"
"pcg_5112","Cheques for collection","511200","asset_current","","True","Chèques à encaisser"
"pcg_5113","Bills for collection","511300","asset_cash","","False","Effets à l'encaissement"
"pcg_5114","Bills for discount","511400","asset_cash","","False","Effets à l'escompte"
"pcg_5121","Banks - Accounts in euros","512100","asset_cash","","False","Comptes en euros"
"pcg_5124","Banks - Accounts in foreign currencies","512400","asset_cash","","False","Banques - Comptes en devises"
"pcg_517","Other financial bodies","517000","asset_cash","","False","Autres organismes financiers"
"pcg_5181","Accrued interest payable","518100","asset_cash","","False","Intérêts courus à payer"
"pcg_5188","Accrued interest receivable","518800","asset_cash","","False","Intérêts courus à recevoir"
"pcg_5191","Current bank advances - Credit for assignment of commercial debts receivable","519100","asset_cash","","False","Concours bancaires courants - Crédit de mobilisation de créances commerciales (CMCC)"
"pcg_5193","Current bank advances - Assignment of debts receivable originating outside France","519300","asset_cash","","False","Concours bancaires courants - Mobilisation de créances nées à l'étranger"
"pcg_5198","Current bank advances - Accrued interest on current bank advances","519800","asset_cash","","False","Concours bancaires courants - Intérêts courus sur concours bancaires courants"
"pcg_52","Financial futures instruments and tokens held","520000","asset_cash","","False","Instruments financiers à terme et jetons détenus"
"pcg_53_account","Cashier","530000","asset_cash","","False","Caisse"
"pcg_58_account","Internal transfers","580000","asset_cash","","False","Virements internes"
"pcg_5903","Provisions for impairment of shares","590300","asset_current","","False","Provisions pour dépréciation des actions"
"pcg_5904","Provisions for depreciation of other securities conferring a right of ownership","590400","asset_current","","False","Provisions pour dépréciation des autres titres conférant un droit de propriété"
"pcg_5906","Provisions for impairment of bonds","590600","asset_current","","False","Provisions pour dépréciation des obligations"
"pcg_5908","Provisions for depreciation of other marketable securities and similar receivables (provisions)","590800","asset_current","","False","Provisions pour dépréciation des autres valeurs mobilières de placement et créances assimilées (provisions)"
"pcg_601_account","Inventory item purchases - Raw materials and supplies","601000","expense","account.account_tag_operating","False","Achats stockés - Matières premières et fournitures"
"pcg_6021_account","Inventory item purchases - Consumable Materials","602100","expense","account.account_tag_operating","False","Achats stockés - Matières consommables"
"pcg_60221","Inventory item purchases - Fuels","602210","expense","account.account_tag_operating","False","Achats stockés - Combustibles"
"pcg_60222","Inventory item purchases - Maintenance products","602220","expense","account.account_tag_operating","False","Achats stockés - Produits d'entretien"
"pcg_60223","Inventory item purchases - Workshop and factory supplies","602230","expense","account.account_tag_operating","False","Achats stockés - Fournitures d'atelier et d'usine"
"pcg_60224","Inventory item purchases - Store supplies","602240","expense","account.account_tag_operating","False","Achats stockés - Fournitures de magasin"
"pcg_60225","Inventory item purchases - Office supplies","602250","expense","account.account_tag_operating","False","Achats stockés - Fournitures de bureau"
"pcg_60261","Inventory item purchases - Non-returnable packaging","602610","expense","account.account_tag_operating","False","Achats stockés - Emballages perdus"
"pcg_60262","Inventory item purchases - Packaging waste","602620","expense","account.account_tag_operating","False","Achats stockés - Malis sur emballages"
"pcg_60265","Inventory item purchases - Unidentifiable recoverable packaging","602650","expense","account.account_tag_operating","False","Achats stockés - Emballages récupérables non identifiables"
"pcg_60267","Inventory item purchases - Mixed usage packaging","602670","expense","account.account_tag_operating","False","Achats stockés - Emballages à usage mixte"
"pcg_6031","Change in stocks of raw materials (and supplies)","603100","expense","account.account_tag_operating","False","Variation des stocks de matières premières (et fournitures)"
"pcg_6032","Change in stocks of other supplies","603200","expense","account.account_tag_operating","False","Variation des stocks des autres approvisionnements"
"pcg_6037","Change in inventories of goods","603700","expense","account.account_tag_operating","False","Variation des stocks de marchandises"
"pcg_604","Purchases of project studies and services","604000","expense","account.account_tag_operating","False","Achats d'études et prestations de services"
"pcg_605","Purchases of equipment, facilities and works","605000","expense","account.account_tag_operating","False","Achats de matériel équipements et travaux"
"pcg_6061","Non-inventoriable supplies (eg. water, energy)","606100","expense","account.account_tag_operating","False","Fournitures non stockables (eau, énergie...)"
"pcg_6063","Maintenance and minor equipment supplies","606300","expense","account.account_tag_operating","False","Fournitures d'entretien et de petit équipement"
"pcg_6064","Administrative supplies","606400","expense","account.account_tag_operating","False","Fournitures administratives"
"pcg_6068","Other materials and supplies","606800","expense","account.account_tag_operating","False","Achats autres matières et fournitures"
"pcg_607_account","Purchase of goods","607000","expense","account.account_tag_operating","False","Achats de marchandises"
"pcg_608","Incidental costs included in purchases","608000","expense","","False","Frais accessoires incorporés aux achats"
"pcg_6091","Discounts, rebates and discounts - Inventory item purchases - Raw materials (and supplies)","609100","expense","account.account_tag_operating","False","Achats stockés matières premières (et fournitures)"
"pcg_6092","Discounts, rebates and discounts - Inventory item purchases - Other inventory item consumables","609200","expense","account.account_tag_operating","False","Rabais, remises et ristournes obtenus sur achats d'autres approvisionnements stockés"
"pcg_6094","Discounts, rebates and discounts - Inventory item purchases - Project studies and services supplied","609400","expense","account.account_tag_operating","False","Rabais, remises et ristournes obtenus sur achats d'études et prestations de services"
"pcg_6095","Discounts, rebates and discounts - Inventory item purchases - Equipment, facilities and works","609500","expense","account.account_tag_operating","False","Rabais, remises et ristournes obtenus sur achats de matériel, équipements et travaux"
"pcg_6096","Discounts, rebates and discounts - Inventory item purchases - Non-inventory consumables","609600","expense","account.account_tag_operating","False","Rabais, remises et ristournes obtenus sur achats d'approvisionnements non stockés"
"pcg_6097","Discounts, rebates and discounts - Inventory item purchases - Goods for resale","609700","expense","account.account_tag_operating","False","Rabais, remises et ristournes obtenus sur achats de marchandises"
"pcg_6098","Unallocated rebates, discounts, allowances","609800","expense","account.account_tag_operating","False","Rabais, remises et ristournes non affectés"
"pcg_611","General subcontracting","611000","expense","account.account_tag_operating","False","Sous-traitance générale"
"pcg_6122","Movable property leases","612200","expense","account.account_tag_operating","False","Redevances de crédit-bail mobilier"
"pcg_6125","Real property leases","612500","expense","account.account_tag_operating","False","Redevances de crédit-bail immobilier"
"pcg_6132","Real property rental","613200","expense","account.account_tag_operating","False","Locations immobilières"
"pcg_6135","Movable property rental","613500","expense","account.account_tag_operating","False","Locations mobilières"
"pcg_614","Rental and joint ownership property costs","614000","expense","account.account_tag_operating","False","Charges locatives et de copropriété"
"pcg_6152","Maintenance and repairs on real property items","615200","expense","account.account_tag_operating","False","Entretien et réparations sur biens immobiliers"
"pcg_6155","Maintenance and repairs on movable property items","615500","expense","account.account_tag_operating","False","Entretien et réparations sur biens mobiliers"
"pcg_6156","Maintenance","615600","expense","account.account_tag_operating","False","Maintenance"
"pcg_6161","Comprehensive risk","616100","expense","account.account_tag_operating","False","Assurance multirisques"
"pcg_6162","Compulsory construction loss insurance","616200","expense","account.account_tag_operating","False","Assurance obligatoire dommage construction"
"pcg_61636","Transport insurance on purchases","616360","expense","account.account_tag_operating","False","Assurance transport sur achats"
"pcg_61637","Transport insurance on sales","616370","expense","account.account_tag_operating","False","Assurance transport sur ventes"
"pcg_61638","Transport insurance on other items","616380","expense","account.account_tag_operating","False","Assurance transport sur autres biens"
"pcg_6164","Operating risks","616400","expense","account.account_tag_operating","False","Assurance risques d'exploitation"
"pcg_6165","Customer insolvency","616500","expense","account.account_tag_operating","False","Assurance insolvabilité clients"
"pcg_617","Project studies, surveys, assessments","617000","expense","account.account_tag_operating","False","Études et recherches"
"pcg_6181","General documentation","618100","expense","account.account_tag_operating","False","Documentation générale"
"pcg_6183","Technical documentation","618300","expense","account.account_tag_operating","False","Documentation technique"
"pcg_6185","Colloquium, seminar, conference costs","618500","expense","account.account_tag_operating","False","Frais de colloques, séminaires, conférences"
"pcg_619","Purchase rebates, discounts, allowances on external services","619000","expense","account.account_tag_operating","False","Rabais, remises et ristournes obtenus sur services extérieurs"
"pcg_6211","Temporary personnel","621100","expense","account.account_tag_operating","False","Personnel intérimaire"
"pcg_6214","Personnel on secondment or loan to the entity","621400","expense","account.account_tag_operating","False","Personnel détaché ou prêté à l'entreprise"
"pcg_6221","Purchase commission and brokerage","622100","expense","account.account_tag_operating","False","Commissions et courtages sur achats"
"pcg_6222","Sales commission and brokerage","622200","expense","account.account_tag_operating","False","Commissions et courtages sur ventes"
"pcg_6224","Payments to forwarding agents","622400","expense","account.account_tag_operating","False","Rémunérations des transitaires"
"pcg_6225","Payments for factoring","622500","expense","account.account_tag_operating","False","Rémunérations d'affacturage"
"pcg_6226","Fees","622600","expense","account.account_tag_operating","False","Honoraires"
"pcg_6227","Legal and litigation fees","622700","expense","account.account_tag_operating","False","Frais d'actes et de contentieux"
"pcg_6228","Remuneration of intermediaries and fees - Sundry","622800","expense","account.account_tag_operating","False","Rémunérations d'intermédiaires et honoraires - Divers"
"pcg_6231","Announcements and advertisements","623100","expense","account.account_tag_operating","False","Annonces et insertions"
"pcg_6232","Samples","623200","expense","account.account_tag_operating","False","Échantillons"
"pcg_6233","Fairs and exhibitions","623300","expense","account.account_tag_operating","False","Foires et expositions"
"pcg_6234","Gifts to customers","623400","expense","account.account_tag_operating","False","Cadeaux à la clientèle"
"pcg_6235","Premiums","623500","expense","account.account_tag_operating","False","Primes"
"pcg_6236","Catalogues and printed material","623600","expense","account.account_tag_operating","False","Catalogues et imprimés"
"pcg_6237","Publications","623700","expense","account.account_tag_operating","False","Publications"
"pcg_6238","Miscellaneous (tips, regular donations)","623800","expense","account.account_tag_operating","False","Divers (pourboires, dons courants)"
"pcg_6241","Transport on purchases","624100","expense","account.account_tag_operating","False","Transports sur achats"
"pcg_6242","Transport on sales","624200","expense","account.account_tag_operating","False","Transports sur ventes"
"pcg_6243","Transport between establishments or work sites","624300","expense","account.account_tag_operating","False","Transports entre établissements ou chantiers"
"pcg_6244","Administrative transport","624400","expense","account.account_tag_operating","False","Transports administratifs"
"pcg_6247","Collective staff transport","624700","expense","account.account_tag_operating","False","Transports collectifs du personnel"
"pcg_6248","Various transport","624800","expense","account.account_tag_operating","False","Transports divers"
"pcg_6251","Travels and journeys","625100","expense","account.account_tag_operating","False","Voyages et déplacements"
"pcg_6255","Relocation costs","625500","expense","account.account_tag_operating","False","Frais de déménagement"
"pcg_6256","Missions","625600","expense","account.account_tag_operating","False","Missions"
"pcg_6257","Receptions","625700","expense","account.account_tag_operating","False","Réceptions"
"pcg_626","Postal and telecommunication costs","626000","expense","account.account_tag_operating","False","Frais postaux et frais de télécommunications"
"pcg_6271","Securities costs (purchase, sale, safe custody)","627100","expense","account.account_tag_operating","False","Frais sur titres (achat, vente, garde)"
"pcg_6272","Commissions and loan issue costs","627200","expense","account.account_tag_operating","False","Commissions et frais sur émission d'emprunts"
"pcg_6275","Charges on bills","627500","expense","account.account_tag_operating","False","Frais sur effets"
"pcg_6276","Rental of safes","627600","expense","account.account_tag_operating","False","Location de coffres"
"pcg_6278","Other expenses and commissions on services supplied","627800","expense","account.account_tag_operating","False","Autres frais et commissions sur prestations de services"
"pcg_6281","Sundry assistance (eg. contributions)","628100","expense","account.account_tag_operating","False","Concours divers (cotisations...)"
"pcg_6284","Personnel recruitment costs","628400","expense","account.account_tag_operating","False","Frais de recrutement de personnel"
"pcg_629","Purchase rebates, discounts, allowances on other external services","629000","expense","account.account_tag_operating","False","Rabais, remises et ristournes obtenus sur autres services extérieurs"
"pcg_6311","Tax on salaries","631100","expense","account.account_tag_operating","False","Taxe sur les salaires"
"pcg_6314","Default contribution for compulsory investment in construction","631400","expense","account.account_tag_operating","False","Cotisation pour défaut d'investissement obligatoire dans la construction"
"pcg_6318","Other taxes and similar payments on remuneration (tax authorities)","631800","expense","account.account_tag_operating","False","Autres impôts, taxes et versements assimilés sur rémunérations (administrations des impôts)"
"pcg_6331","Transport expenditures","633100","expense","account.account_tag_operating","False","Versement de transport"
"pcg_6332","Accommodation allowances","633200","expense","account.account_tag_operating","False","Allocation logement"
"pcg_6333","Employers' contribution to professional training","633300","expense","account.account_tag_operating","False","Contribution unique des employeurs à la formation professionnelle"
"pcg_6334","Employer participation in construction projects","633400","expense","account.account_tag_operating","False","Participation des employeurs à l'effort de construction"
"pcg_6335","Discharge payments entitling exemption from apprenticeship tax","633500","expense","account.account_tag_operating","False","Versements libératoires ouvrant droit à l'exonération de la taxe d'apprentissage"
"pcg_6338","Other taxes and similar payments on salaries (other bodies)","633800","expense","account.account_tag_operating","False","Autres impôts, taxes et versements assimilés sur rémunérations (autres organismes)"
"pcg_63511","Territorial economic contribution","635110","expense","","False","Contribution économique territoriale"
"pcg_63512","Property taxes","635120","expense","account.account_tag_operating","False","Taxes foncières"
"pcg_63513","Other local rates and taxes","635130","expense","account.account_tag_operating","False","Autres impôts locaux"
"pcg_63514","Tax on company vehicles","635140","expense","account.account_tag_operating","False","Taxe sur les véhicules des sociétés"
"pcg_6352","Non-recoverable turnover tax","635200","expense","account.account_tag_operating","False","Taxes sur le chiffre d'affaires non récupérables"
"pcg_6353","Indirect taxes","635300","expense","account.account_tag_operating","False","Impôts indirects"
"pcg_63541","Transfer duty","635410","expense","account.account_tag_operating","False","Droits de mutation"
"pcg_6358","Other duties","635800","expense","account.account_tag_operating","False","Autres droits"
"pcg_6371","Social solidarity contribution chargeable to companies","637100","expense","account.account_tag_operating","False","Contribution sociale de solidarité à la charge des sociétés"
"pcg_6372","Taxes collected by international public bodies","637200","expense","account.account_tag_operating","False","Taxes perçues par les organismes publics internationaux"
"pcg_6374","Taxes and levies due for payment outside France","637400","expense","account.account_tag_operating","False","Impôts et taxes exigibles à l'étranger"
"pcg_6378","Sundry taxes","637800","expense","account.account_tag_operating","False","Taxes diverses (autres organismes)"
"pcg_638","Tax reminder (other than income tax)","638000","expense","account.account_tag_operating","False","Rappel d’impôts (autres qu’impôts sur les bénéfices)"
"pcg_6411","Salaries, emoluments","641100","expense","account.account_tag_operating","False","Salaires et appointements"
"pcg_6412","Holiday pay","641200","expense","account.account_tag_operating","False","Congés payés"
"pcg_6413","Premiums and bonuses","641300","expense","account.account_tag_operating","False","Primes et gratifications"
"pcg_6414","Allowances and sundry benefits","641400","expense","account.account_tag_operating","False","Indemnités et avantages divers"
"pcg_6415","Family income supplement","641500","expense","account.account_tag_operating","False","Supplément familial"
"pcg_644","Owner remuneration","644000","expense","account.account_tag_operating","False","Rémunération du travail de l'exploitant"
"pcg_6451","Social Security Collection Office (URSSAF) contributions","645100","expense","account.account_tag_operating","False","Cotisations à l'URSSAF"
"pcg_6452","Mutual organisation contributions","645200","expense","account.account_tag_operating","False","Cotisations aux mutuelles"
"pcg_6453","Pension fund contributions","645300","expense","account.account_tag_operating","False","Cotisations aux caisses de retraites"
"pcg_6454","Contributions to Pôle emploi","645400","expense","account.account_tag_operating","False","Cotisations à Pôle emploi"
"pcg_6458","Contributions to other social agencies","645800","expense","account.account_tag_operating","False","Cotisations aux autres organismes sociaux"
"pcg_646","Owner social security contributions","646000","expense","account.account_tag_operating","False","Cotisations sociales personnelles de l'exploitant"
"pcg_6471","Direct allowances","647100","expense","account.account_tag_operating","False","Prestations directes"
"pcg_6472","Payments to the social and economic committee","647200","expense","account.account_tag_operating","False","Versements au comité social et économique"
"pcg_6474","Payments to other company benefit schemes","647400","expense","account.account_tag_operating","False","Versements aux autres oeuvres sociales"
"pcg_6475","Occupational medicine, pharmacy","647500","expense","account.account_tag_operating","False","Médecine du travail, pharmacie"
"pcg_648","Other personnel costs","648000","expense","account.account_tag_operating","False","Autres charges de personnel"
"pcg_649","Reimbursement of staff costs (if staff costs are reimbursed)","649000","expense","account.account_tag_operating","False","Remboursements de charges de personnel (si rembourement de personnel)"
"pcg_6511","Concessions, patents, licences, trade marks, processes, software","651100","expense","account.account_tag_operating","False","Redevances pour concessions brevets, licences, marques, procédés, logiciels"
"pcg_6516","Author and reproduction royalties","651600","expense","account.account_tag_operating","False","Droits d'auteur et de reproduction"
"pcg_6518","Other royalties and similar assets","651800","expense","account.account_tag_operating","False","Redevances pour autres droits et valeurs similaires"
"pcg_653","Directors‘ and executive officers’ remuneration","653000","expense","account.account_tag_operating","False","Rémunérations de l’activité des administrateurs et des gérants"
"pcg_6541","Debts receivable for the financial year","654100","expense","account.account_tag_operating","False","Créances de l'exercice"
"pcg_6544","Debts receivable for previous financial years","654400","expense","account.account_tag_operating","False","Créances des exercices antérieurs"
"pcg_6551","Share of profit transferred (accounts of the managing entity)","655100","expense","","False","Quote-part de bénéfice transférée (comptabilité du gérant)"
"pcg_6555","Share of loss (accounts of non-managing partners/associates)","655500","expense","","False","Quote-part de perte supportée (comptabilité des associés non gérants)"
"pcg_657","Book value of intangible assets and property, plant and equipment sold","657000","expense","account.account_tag_investing","False","Valeurs comptables des immobilisations incorporelles et corporelles cédées"
"pcg_6581","Contract penalties (and discounts paid on purchases and sales)","658100","expense","account.account_tag_operating","False","Pénalités sur marchés (et dédits payés sur achats et ventes)"
"pcg_6582","Penalties, tax and criminal fines","658200","expense","account.account_tag_operating","False","Pénalités, amendes fiscales et pénales"
"pcg_6583","Losses resulting from indexation clauses","658300","expense","account.account_tag_operating","False","Malis provenant de clauses d'indexation"
"pcg_6584","Lots","658400","expense","account.account_tag_operating","False","Lots"
"pcg_6588","Setting up or winding up trusts","658800","expense","","False","Opérations de constitution ou liquidation des fiducies"
"pcg_66116","Loans and similar debts payable","661160","expense","account.account_tag_financing","False","Emprunts et dettes assimilées"
"pcg_66117","Debts payable related to participating interests","661170","expense","account.account_tag_financing","False","Dettes rattachées à des participations"
"pcg_6612","Trust expenses, result for the period","661200","expense","","False","Charges de la fiducie, résultat de la période"
"pcg_6615","Current account and credit deposit interest","661500","expense","account.account_tag_financing","False","Intérêts des comptes courants et des dépôts créditeurs"
"pcg_6616","Bank and financing transaction interest (eg. discounting)","661600","expense","account.account_tag_financing","False","Intérêts bancaires et sur opérations de financement (escompte, ...)"
"pcg_6617","Interest on guaranteed bonds","661700","expense","account.account_tag_financing","False","Intérêts des obligations cautionnées"
"pcg_66181","Commercial debts payable","661810","expense","account.account_tag_financing","False","Intérêts des dettes commerciales"
"pcg_66188","Sundry debts payable","661880","expense","account.account_tag_financing","False","Intérêts des dettes diverses"
"pcg_664","Losses on debts receivable related to participating interests","664000","expense","account.account_tag_financing","False","Pertes sur créances liées à des participations"
"pcg_665","Discounts allowed","665000","expense","account.account_tag_financing","False","Escomptes accordés"
"pcg_666","Exchange losses","666000","expense","account.account_tag_financing","False","Pertes de change"
"pcg_6671","Book value of financial assets sold","667100","expense","account.account_tag_financing","False","Valeurs comptables des immobilisations financières cédées"
"pcg_6672","Net expenses on disposals of portfolio securities","667200","expense","account.account_tag_financing","False","Charges nettes sur cessions de titres immobilisés de l’activité de portefeuille"
"pcg_6673","Net expenses on disposals of marketable securities","667300","expense","account.account_tag_financing","False","Charges nettes sur cessions de valeurs mobilières de placement"
"pcg_6674","Net expenses on disposal of tokens","667400","expense","account.account_tag_financing","False","Charges nettes sur cessions de jetons"
"pcg_668","Other financial charges","668000","expense","account.account_tag_financing","False","Autres charges financières"
"pcg_6683","Losses arising from the repurchase by the entity of shares and bonds issued by itself","668300","expense","account.account_tag_investing","False","Mali provenant du rachat par l’entité d’actions et obligations émises par elle-même"
"pcg_669","Transfers of financial expenses","669000","expense","account.account_tag_financing","False","Transferts de charges financières"
"pcg_672","Extraordinary expenses on previous years (during the year only)","672000","expense","","False","Charges exceptionnelles sur exercices antérieurs (en cours d'exercice seulement)"
"pcg_678_account","Other exceptional expenses","678000","expense","account.account_tag_investing","False","Autres charges exceptionnelles"
"pcg_6811","Amortisation of intangible and tangible fixed assets","681100","expense","","False","Dotations aux amortissements sur immobilisations incorporelles et corporelles"
"pcg_68111","Intangible fixed assets and formation expenses","681110","expense","account.account_tag_operating","False","Immobilisations incorporelles et frais d’établissement"
"pcg_68112","Appropriations to depreciation on Tangible fixed assets","681120","expense","account.account_tag_operating","False","Dotations aux amortissements sur immobilisations corporelles"
"pcg_6815","Appropriations to provisions for operating liabilities and charges","681500","expense","account.account_tag_operating","False","Dotations aux provisions pour risques et charges d'exploitation"
"pcg_68161","Impairment of intangible assets","681610","expense","account.account_tag_operating","False","Dotations aux dépréciations des immobilisations incorporelles"
"pcg_68162","Impairment of property, plant and equipment","681620","expense","account.account_tag_operating","False","Dotations aux dépréciations des immobilisations corporelles"
"pcg_68173","Impairment of inventories and work in progress","681730","expense","account.account_tag_operating","False","Dotations aux dépréciations des stocks et en-cours"
"pcg_68174","Impairment of receivables","681740","expense","account.account_tag_operating","False","Dotations aux dépréciations des créances"
"pcg_6861","Appropriations to amortisation of premiums on redemption of debt securities","686100","expense","account.account_tag_financing","False","Dotations aux amortissements des primes de remboursement des obligations"
"pcg_6862","Depreciation of loan issue expenses","686200","expense","account.account_tag_operating","False","Dotations aux amortissements des frais d'émission des emprunts"
"pcg_6865","Appropriations to provisions for financial liabilities and charges","686500","expense","account.account_tag_financing","False","Dotations aux provisions pour risques et charges financiers"
"pcg_68662","Appropriations to provisions for diminution in value of financial components - Financial fixed assets","686620","expense","account.account_tag_financing","False","Dotations aux dépréciations des immobilisations financières"
"pcg_68665","Appropriations to provisions for diminution in value of financial components - Short-term investment securities","686650","expense","account.account_tag_financing","False","Dotations aux dépréciations des valeurs mobilières de placement"
"pcg_6871","Appropriations to extraordinary fixed asset depreciation","687100","expense","account.account_tag_financing","False","Dotations aux amortissements exceptionnels des immobilisations"
"pcg_68725","Appropriations to tax-regulated provisions (fixed assets) - Depreciation by derogation","687250","expense","account.account_tag_financing","False","Dotations aux provisions réglementées exceptionnelles (immobilisations) - Amortissements dérogatoires"
"pcg_6873","Appropriations to tax-regulated provisions (stocks)","687300","expense","account.account_tag_financing","False","Dotations aux provisions réglementées exceptionnelles (stocks)"
"pcg_6874","Appropriations to other tax-regulated provisions","687400","expense","account.account_tag_financing","False","Dotations aux autres provisions réglementées exceptionnelles"
"pcg_6875","Appropriations to provisions for extraordinary liabilities and charges","687500","expense","account.account_tag_financing","False","Dotations aux provisions exceptionnelles"
"pcg_6876","Appropriations to provisions for extraordinary diminutionin value","687600","expense","account.account_tag_financing","False","Dotations aux dépréciations exceptionnelles"
"pcg_691","Employee profit share","691000","expense","","False","Participation des salariés aux résultats"
"pcg_6951","Income tax due in France","695100","expense","","False","Impôts sur les bénéfices dus en France"
"pcg_6952","Additional contribution to income tax","695200","expense","","False","Contribution additionnelle à l'impôt sur les bénéfices"
"pcg_6954","Income tax due outside France","695400","expense","","False","Impôts sur les bénéfices dus à l'étranger"
"pcg_696","Supplementary company tax related to profit distributions","696000","expense","","False","Supplément d'impôt sur les sociétés lié aux distributions"
"pcg_6981","Group tax - Charges","698100","expense","","False","Intégration fiscale - Charges"
"pcg_6989","Group tax - Income","698900","expense","","False","Intégration fiscale - Produits"
"pcg_699","Income - Carry-back of losses","699000","expense","","False","Produits, Reports en arrière des déficits"
"pcg_701_account","Sales of finished products","701000","income","account.account_tag_operating","False","Ventes de produits finis"
"pcg_702","Sales of semi-finished products","702000","income","account.account_tag_operating","False","Rabais, remises et ristournes sur ventes de produits intermédiaires"
"pcg_703","Sales of residual products","703000","income","account.account_tag_operating","False","Ventes de produits résiduels"
"pcg_704_account","Works","704000","income","account.account_tag_operating","False","Travaux"
"pcg_705","Project studies","705000","income","account.account_tag_operating","False","Ventes d'études"
"pcg_706","Services supplied","706000","income","account.account_tag_operating","False","Ventes de prestations de services"
"pcg_707_account","Sales of goods","707000","income","account.account_tag_operating","False","Ventes de marchandises"
"pcg_7081","Income from services operated in the interest of personne","708100","income","account.account_tag_operating","False","Produits des services exploités dans l'intérêt du personnel"
"pcg_7082","Commission and brokerage","708200","income","account.account_tag_operating","False","Commissions et courtages"
"pcg_7083","Sundry rentals","708300","income","account.account_tag_operating","False","Locations diverses"
"pcg_7084","Personnel charged out","708400","income","account.account_tag_operating","False","Mise à disposition de personnel facturée"
"pcg_7085","Carriage and ancillary costs invoiced","708500","income","account.account_tag_operating","False","Ports et frais accessoires facturés"
"pcg_7086","Surplus on recovery of returnable packaging","708600","income","account.account_tag_operating","False","Bonis sur reprises d'emballages consignés"
"pcg_7087","Bonuses obtained from customers and sales premiums","708700","income","account.account_tag_operating","False","Bonifications obtenues des clients et primes sur ventes"
"pcg_7088","Other income from ancillary activities (eg. disposal of consumables)","708800","income","account.account_tag_operating","False","Autres produits d'activités annexes (cessions d'approvisionnements...)"
"pcg_7091","Sales of finished products","709100","income","account.account_tag_operating","False","Ventes de produits finis"
"pcg_7092","Sales of semi-finished products","709200","income","account.account_tag_operating","False","Rabais, remises et ristournes sur ventes de produits intermédiaires"
"pcg_7094","Sales rebates, discounts, allowances granted by the entity on work","709400","income","account.account_tag_operating","False","Rabais, remises et ristournes sur travaux"
"pcg_7095","Sales rebates, discounts, allowances granted by the entity on Project studies","709500","income","account.account_tag_operating","False","Rabais, remises et ristournes sur études"
"pcg_7096","Sales rebates, discounts, allowances granted by the entity on Services supplied","709600","income","account.account_tag_operating","False","Rabais, remises et ristournes sur prestations de services"
"pcg_7097","Sales rebates, discounts, allowances granted by the entity on Sales of goods for resale","709700","income","account.account_tag_operating","False","Rabais, remises et ristournes sur ventes de marchandises"
"pcg_7098","Sales rebates, discounts, allowances granted by the entity on Income from ancillary activities","709800","income","","False","Rabais, remises et ristournes sur produits des activités annexes"
"pcg_71331","Change in work in progress (goods) - Products in progress","713310","income","account.account_tag_operating","False","Variation des en-cours de production de biens - Produits en cours"
"pcg_71335","Change in work in progress (goods) - Works in progress","713350","income","account.account_tag_operating","False","Variation des en-cours de production de biens - Travaux en cours"
"pcg_71341","Change in work in progress (services) - Project studies in progress","713410","income","account.account_tag_operating","False","Variation des en-cours de production de services - Études en cours"
"pcg_71345","Change in work in progress (services) - Supply of services in progress","713450","income","account.account_tag_operating","False","Variation des en-cours de production de services - Prestations de services en cours"
"pcg_71351","Change in product stocks Semi-finished products","713510","income","account.account_tag_operating","False","Variation des stocks de produits intermédiaires"
"pcg_71355","Change in product stocks Finished products","713550","income","account.account_tag_operating","False","Variation des stocks de produits finis"
"pcg_71358","Change in product stocks Residual products","713580","income","account.account_tag_operating","False","Variation des stocks de produits résiduels"
"pcg_721","Own work capitalised - Intangible fixed assets","721000","income","account.account_tag_operating","False","Production immobilisée - Immobilisations incorporelles"
"pcg_722","Own work capitalised - Tangible fixed assets","722000","income","account.account_tag_operating","False","Production immobilisée - Immobilisations corporelles"
"pcg_741","Operating subsidies","741000","income","account.account_tag_operating","False","Subventions d’exploitation"
"pcg_742","Balancing subsidies","742000","income","account.account_tag_investing","False","Subventions d’équilibre"
"pcg_747","Share of investment grants transferred to profit or loss for the year","747000","income","account.account_tag_investing","False","Quote-part des subventions d’investissement virée au résultat de l’exercice"
"pcg_7511","Royalties and licence fees for concessions, patents, licences, trade marks, processes, software","751100","income","account.account_tag_operating","False","Redevances pour concessions, brevets, licences, marques, procédés, logiciels"
"pcg_7516","Author and reproduction royalties","751600","income","account.account_tag_operating","False","Droits d'auteur et de reproduction"
"pcg_7518","Other royalties and similar assets","751800","income","account.account_tag_operating","False","Redevances pour autres droits et valeurs similaires"
"pcg_752","Revenues from buildings not allocated to professional activities","752000","income","account.account_tag_operating","False","Revenus des immeubles non affectés aux activités professionnelles"
"pcg_753","Remuneration of directors and executive managers","753000","income","account.account_tag_operating","False","Rémunérations de l’activité des administrateurs et des gérants"
"pcg_754","Rebates from cooperatives (resulting from surpluses)","754000","income","account.account_tag_operating","False","Ristournes perçues des coopératives (provenant des excédents)"
"pcg_7551","Share of loss transferred (accounts of the managing entity)","755100","income","","False","Quote-part de perte transférée (comptabilité du gérant)"
"pcg_7555","Share of profit (accounts of non-managing partners/associates)","755500","income","","False","Quote-part de bénéfice attribuée (comptabilité des associés non-gérants)"
"pcg_757","Proceeds from disposals of property, plant and equipment and intangible assets","757000","income","account.account_tag_investing","False","Produits des cessions d’immobilisations incorporelles et corporelles"
"pcg_758","Compensation and other income","758000","income","account.account_tag_operating","False","Indemnités et autres produits"
"pcg_7581","Deductions and penalties on purchases and sales","758100","income","account.account_tag_operating","False","Dédits et pénalités perçus sur achats et ventes"
"pcg_7582","Donations received","758200","income","account.account_tag_operating","False","Libéralités reçues"
"pcg_7583","Receipts on amortised receivables","758300","income","account.account_tag_operating","False",""
"pcg_7584","Tax relief other than income tax","758400","income","account.account_tag_operating","False","Dégrèvements d’impôts autres qu’impôts sur les bénéfices"
"pcg_7585","Bonuses from indexation clauses","758500","income","account.account_tag_operating","False","Bonis provenant de clauses d’indexation"
"pcg_7586","Lots","758600","income","account.account_tag_operating","False","Lots"
"pcg_7587","Insurance indemnities (if relating to insurance indemnities)","758700","income","account.account_tag_operating","False","Indemnités d’assurance (si relatif à des indemnités d'assurance)"
"pcg_7588","Setting up or liquidation of trusts","758800","income","","False","Opérations de constitution ou liquidation des fiducies"
"pcg_7611","Income from long-term equity interests","761100","income","account.account_tag_financing","False","Revenus des titres de participation"
"pcg_7612","Trust income, result for the period","761200","income","","False","Produits de la fiducie, résultat de la période"
"pcg_7616","Income from other forms of participating interests","761600","income","account.account_tag_financing","False","Revenus sur autres formes de participation"
"pcg_7617","Income from debts receivable related to participating interests","761700","income","account.account_tag_financing","False","Revenus des créances rattachées à des participations"
"pcg_7621","Income from long-term investment securities","762100","income","account.account_tag_financing","False","Revenus des titres immobilisés"
"pcg_7626","Income from loans","762600","income","account.account_tag_financing","False","Revenus des prêts"
"pcg_7627","Income from capitalised debts receivable","762700","income","account.account_tag_financing","False","Revenus des créances immobilisées"
"pcg_7631","Income from commercial debts receivable","763100","income","account.account_tag_financing","False","Revenus des créances commerciales"
"pcg_7638","Income from sundry debts receivable","763800","income","account.account_tag_financing","False","Revenus des créances diverses"
"pcg_764","Income from short-term investment securities","764000","income","account.account_tag_financing","False","Revenus des valeurs mobilières de placement"
"pcg_765","Discounts obtained","765000","income","account.account_tag_financing","False","Escomptes obtenus"
"pcg_766","Exchange gains","766000","income","account.account_tag_financing","False","Gains de change"
"pcg_7671","Income from disposals of financial assets","767100","income","account.account_tag_investing","False","Produits des cessions d’immobilisations financières"
"pcg_7672","Net income from disposals of portfolio securities","767200","income","account.account_tag_investing","False","Produits nets sur cessions de titres immobilisés de l’activité de portefeuille"
"pcg_7673","Net proceeds from disposals of marketable securities","767300","income","account.account_tag_financing","False","Produits nets sur cessions de valeurs mobilières de placement"
"pcg_7674","Net income on disposal of tokens","767400","income","account.account_tag_financing","False","Produits nets sur cessions de jetons"
"pcg_7683","Bonuses arising from the repurchase by the company of shares and bonds issued by itself","768300","income","account.account_tag_investing","False","Bonis provenant du rachat par l’entreprise d’actions et d’obligations émises par elle-même"
"pcg_772","Extraordinary income on previous years (during the year only)","772000","income","","False","Produits exceptionnels sur exercices antérieurs (en cours d'exercice seulement)"
"pcg_778_account","Other extraordinary income","778000","income","account.account_tag_investing","False","Autres produits exceptionnels"
"pcg_7811","Reversals of amortisation of intangible assets and property, plant and equipment","781100","income","","False","Reprises sur amortissements des immobilisations incorporelles et corporelles"
"pcg_78111","Reversal of amortisation of intangible assets","781110","income","account.account_tag_operating","False","Reprises sur amortissements des immobilisations incorporelles"
"pcg_78112","Reversals of depreciation on tangible fixed assets","781120","income","account.account_tag_operating","False","Reprises sur amortissements des immobilisations corporelles"
"pcg_7815","Provisions for operating liabilities and charges written back","781500","income","account.account_tag_operating","False","Reprises sur provisions d'exploitation"
"pcg_7816","Provisions for diminution in value of intangible and tangible fixed assets written back","781600","income","","False","Reprises sur dépréciations des immobilisations incorporelles et corporelles"
"pcg_78161","Reversals of impairment of intangible assets","781610","income","account.account_tag_operating","False","Reprises sur dépréciations des immobilisations incorporelles"
"pcg_78162","Reversals of impairment of property, plant and equipment","781620","income","account.account_tag_operating","False","Reprises sur dépréciations des immobilisations corporelles"
"pcg_7817","Reversals of impairment of current assets","781700","income","","False","Reprises sur dépréciations des actifs circulants"
"pcg_78173","Reversals of impairment of current assets - Inventories and work in progress","781730","income","account.account_tag_operating","False","Reprises sur dépréciations des actifs circulants - Stocks et en-cours"
"pcg_78174","Reversals of impairment of current assets - Receivables","781740","income","account.account_tag_operating","False","Reprises sur dépréciations des actifs circulants - Créances"
"pcg_7865","Reversals of financial provisions","786500","income","account.account_tag_financing","False","Reprises sur provisions financières"
"pcg_78662","Reversals of impairment of financial assets","786620","income","account.account_tag_financing","False","Reprises sur dépréciations des immobilisations financières"
"pcg_78665","Reversals of impairment of marketable securities","786650","income","account.account_tag_financing","False","Reprises sur dépréciations des valeurs mobilières de placement"
"pcg_78725","Reversals of regulated provisions (fixed assets) - Accelerated depreciation","787250","income","account.account_tag_investing","False","Reprises sur provisions réglementées (immobilisations) - Amortissements dérogatoires"
"pcg_7873","Reversals of regulated provisions (stocks)","787300","income","account.account_tag_investing","False","Reprises sur provisions réglementées (stocks)"
"pcg_7874","Reversals of other regulated provisions","787400","income","account.account_tag_investing","False","Reprises sur autres provisions réglementées"
"pcg_7875","Reversals of exceptional provisions","787500","income","account.account_tag_investing","False","Reprises sur provisions exceptionnelles"
"pcg_7876","Reversals of exceptional depreciation","787600","income","account.account_tag_investing","False","Reprises sur dépréciations exceptionnelles"
